100,"233 N.E.2d 216, 219 (Mass. 1968)",none,7UKZZIL7,1,1,p. 219,"233 N.E.2d 216, 219 (Mass. 1968)"
101,"<i>Fenton v. Quaboag Country Club</i>, 233 N.E.2d 216, 219 (Mass. 1968)",none,7UKZZIL7,0,0,p. 219,"<i>Fenton v. Quaboag Country Club</i>, 233 N.E.2d 216, 219 (Mass. 1968)"
102,233 N.E.2d at 219,none,7UKZZIL7,1,1,p. 219,233 N.E.2d at 219
103,"<i>Malletier v. Dooney &amp; Bourke, Inc.</i>, 500 F. Supp. 2d 276, 279 (S.D.N.Y. 2007)",none,EHAJ3PKC,0,0,p. 279,"<i>Malletier v. Dooney & Bourke, Inc.</i>, 500 F. Supp. 2d 276, 279 (S.D.N.Y. 2007)"
104,"<i>Malletier</i>, 500 F. Supp. 2d at 281",none,EHAJ3PKC,0,0,p. 281,"<i>Malletier</i>, 500 F. Supp. 2d at 281"
105,"<i>United States v. Carmel</i>, 548 F.3d 571 (7th Cir. 2008)",none,FPRANX8B,0,0,,"<i>United States v. Carmel</i>, 548 F.3d 571 (7th Cir. 2008)"
106,"<i>Carmel</i>, 548 F.3d at 573",none,FPRANX8B,1,0,p. 573,"<i>Carmel</i>, 548 F.3d at 573"
107,"<i>Gonzalez v. Raich</i>, 545 U.S. 1 (2005)",none,TZ3VVRKE,0,0,,"<i>Gonzalez v. Raich</i>, 545 U.S. 1 (2005)"
108,"<i>Raich</i>, 545 U.S. at 8",none,TZ3VVRKE,1,0,p. 8,"<i>Raich</i>, 545 U.S. at 8"
109," <i>A Book Named ""John Cleveland’s Memoirs of a Woman of Pleasure"" v. Attorney Gen. of Com. of Mass.</i>, 383 U.S. 413, 418 (1966)",none,7ZJXZMCH,0,0,p. 418,"<i>A Book Named ""John Cleveland’s Memoirs of a Woman of Pleasure"" v. Attorney Gen. of Com. of Mass.</i>, 383 U.S. 413, 418 (1966)"
110,"<i>Memoirs</i>, 383 U.S. at 418",none,7ZJXZMCH,1,0,p. 418,"<i>Memoirs</i>, 383 U.S. at 418"
111,"<i>Hormel Foods Corp. v. Jim Henson Prods., Inc.</i>, 73 F.3d 497, 504 (2d Cir. 1996)",none,DCWK32PT,0,0,p. 504,"<i>Hormel Foods Corp. v. Jim Henson Prods., Inc.</i>, 73 F.3d 497, 504 (2d Cir. 1996)"
112,"<i>Naked Cowboy v. CBS</i>, 844 F. Supp. 2d 510, 517-18 (S.D.N.Y. 2012)",none,FTRNSK2T,0,0,p. 517-18,"<i>Naked Cowboy v. CBS</i>, 844 F. Supp. 2d 510, 517-18 (S.D.N.Y. 2012)"
113,"<i>Naked Cowboy</i>, 844 F. Supp. 2d at 517-18",none,FTRNSK2T,1,0,p. 517-18,"<i>Naked Cowboy</i>, 844 F. Supp. 2d at 517-18"
114,"<i>Hormel Foods Corp. v. Jim Henson Prods., Inc.</i>, 73 F.3d 497, 504 (2d Cir. 1996)",none,DCWK32PT,0,0,p. 504,"<i>Hormel Foods Corp. v. Jim Henson Prods., Inc.</i>, 73 F.3d 497, 504 (2d Cir. 1996)"
115,"<i>Naked Cowboy v. CBS</i>, 844 F. Supp. 2d 510, 517-18 (S.D.N.Y. 2012)",none,FTRNSK2T,0,0,p. 517-18,"<i>Naked Cowboy v. CBS</i>, 844 F. Supp. 2d 510, 517-18 (S.D.N.Y. 2012)"
116,<i>Id.</i>,none,7ZJXZMCH,2,0,,<i>Id.</i>
117,"<i>Washington v. Alaimo</i>, 934 F. Supp. 1395, 1398 (S.D. Ga. 1996)",none,AWGKPGER,0,0,p. 1398,"<i>Washington v. Alaimo</i>, 934 F. Supp. 1395, 1398 (S.D. Ga. 1996)"
118,"""Motion to Kiss My Ass."" <i>Id.</i> at 1401",none,AWGKPGER,3,0,p. 1401,"""Motion to Kiss My Ass."" <i>Id.</i> at 1401"
119,"Alex Kozinski &amp; Eugene Volokh, <i>Lawsuit Shmawsuit</i>, 103 Yale L.J. 463, 463 (1993)",none,AJ8NAX3F,0,0,p. 463,"Alex Kozinski & Eugene Volokh, <i>Lawsuit Shmawsuit</i>, 103 Yale L.J. 463, 463 (1993)"
120,"<i>Near v. Minnesota ex rel. Olson</i>, 283 U.S. 697 (1931)",none,NQ989XES,0,0,,"<i>Near v. Minnesota ex rel. Olson</i>, 283 U.S. 697 (1931)"
121,"<var>Name of Statute [optional]</var>, <var>title no.</var> U.S.C. § <var>section number</var> <var>(year published)</var>",none,WBEZR4N2,0,0,sec. 15,"Worthy Act, 50 U.S.C. § 15 2000"
122,"Federal Food, Drug, and Cosmetic Act, 21 U.S.C. § 387 (2012)",none,JZ6Y9LNR,0,0,sec. 387,"Federal Food, Drug, and Cosmetic Act, 21 U.S.C. § 387 (2012)"
123,"Lanham (Trademark) Act, 15 U.S.C. §§ 1051-1141n (2012)",none,IXM4M9NX,0,0,sec. 1051-1141n,"Lanham (Trademark) Act, 15 U.S.C. §§ 1051-1141n (2012)"
124,"Communications Act of 1934, 47 U.S.C. § 223 (2012 &amp; Supp. I 2013)",none,3QPJNGAY,0,0,sec. 223,"Communications Act of 1934, 47 U.S.C. § 223 (2012 & Supp. I 2013)"
125,"<var>Name of Statute</var>, <var>title no.</var> U.S.C.A. § <var>section number</var> (<var>Name of Publisher</var> <var>year published</var>)",none,8B7RXMCL,0,0,sec. 15,"Worthy Act, 50 U.S.C.A. § 15 (Lawyerly Press 2000)"
126,"Stored Communications Act, 18 U.S.C.A. §§ 2701-2711 (West 2000)",none,BLZ2PWJP,0,0,sec. 2701-2711,"Stored Communications Act, 18 U.S.C.A. §§ 2701-2711 (West 2000)"
127,"Mineral Leasing Act of 1920, 30 U.S.C.S. §§ 181-287 (LexisNexis 2015)",none,73IDJYDR,0,0,sec. 181-287,"Mineral Leasing Act of 1920, 30 U.S.C.S. §§ 181-287 (LexisNexis 2015)"
128,"Drug Price Competition and Patent Term Restoration Act § 202, 17 U.S.C. § 271(e) (2012)",none,D5M3H4BR,0,0,sec. 202,"Drug Price Competition and Patent Term Restoration Act § 202, 17 U.S.C. § 271(e) (2012)"
129,"Digital Millennium Copyright Act of 1998 § 103, 17 U.S.C.A. § 1201 (West 2008)",none,KNU6NUHI,0,0,sec. 103,"Digital Millennium Copyright Act of 1998 § 103, 17 U.S.C.A. § 1201 (West 2008)"
130,"Family Sponsor Immigration Act of 2002, Pub. L. No. 107-150, 116 Stat. 74",none,3Q4FBKGG,0,0,,"Family Sponsor Immigration Act of 2002, Pub. L. No. 107-150, 116 Stat. 74"
131,"Patient Protection and Affordable Care Act, Pub. L. No. 111-148, § 1101, 124 Stat. 119, 141-43 (2010)",none,LMGRIBUF,0,0,"sec. 1101, 124 Stat. 119, 141-43","Patient Protection and Affordable Care Act, Pub. L. No. 111-148, § 1101, 124 Stat. 119, 141-43 (2010)"
132,Ala. Code § 13A-12-5(a)(1) (2000),none,3I955YJA,0,0,sec. 13A-12-5(a)(1),Ala. Code § 13A-12-5(a)(1) (2000)
133,N.Y. Arts &amp; Cult. Aff. Law § 60.03 (McKinney 2000),none,ENRXE8L5,0,0,sec. 60.03,N.Y. Arts & Cult. Aff. Law § 60.03 (McKinney 2000)
134,Fed. R. Civ. P. 12(b)(1),none,6T2UZAX8,0,0,r. 12(b)(1),Fed. R. Civ. P. 12(b)(1)
135,Fed. R. App. P. 1,none,SZPT77RX,0,0,r. 1,Fed. R. App. P. 1
136,Unif. R. Evid. 601,none,YA29VYR2,0,0,r. 601,Unif. R. Evid. 601
137,Restatement (Second) of Trusts § 46 (Am. Law Inst. 1959),none,C6TFA5XW,0,0,sec. 46,Restatement (Second) of Trusts § 46 (Am. Law Inst. 1959)
139,Restatement (Third) of Prop.: Servitudes § 7.1 (Am. Law Inst. 2000),none,WPEYKKM6,0,0,sec. 7.1,Restatement (Third) of Prop.: Servitudes § 7.1 (Am. Law Inst. 2000)
140,U.C.C § 9-105 (Unif. Law Comm’n 2010),none,TSTHMB2I,0,0,sec. 9-105,U.C.C § 9-105 (Unif. Law Comm’n 2010)
143,36 C.F.R. § 272.1 (2014),none,J4A22G4R,0,0,sec. 272.1,36 C.F.R. § 272.1 (2014)
144,"DOE Employee Privacy Standards, 10 C.F.R. § 1008.3 (2000)",none,FSRBKPLS,0,0,sec. 1008.3,"DOE Employee Privacy Standards, 10 C.F.R. § 1008.3 (2000)"
145,I.R.C. § 312 (2014),none,F3HWLECJ,0,0,sec. 312,I.R.C. § 312 (2014)
146,26 U.S.C. § 312 (2014),none,9U3WKJPR,0,0,sec. 312,26 U.S.C. § 312 (2014)
147,Treas. Reg. § 1.414(r)-8 (1994),none,6WVAJED7,0,0,sec. 1.414(r)-8,Treas. Reg. § 1.414(r)-8 (1994)
148,Temp. Treas. Reg. § 1.274-5T(6) (1985),none,RJSHBN6S,0,0,sec. 1.274-5T(6),Temp. Treas. Reg. § 1.274-5T(6) (1985)
171,7 U.S.C. § 7101 (2012),none,7B5YM3UT,0,0,sec. 7101,7 U.S.C. § 7101 (2012)
174,9 C.F.R. § 54.1 (2014),none,8NKVFX7R,0,0,sec. 54.1,9 C.F.R. § 54.1 (2014)
226,"<i>Dr. Seuss Enters., L.P. v. Penguin Books USA, Inc.</i>, 109 F.3d 1394 (9th Cir. 1997)",none,ZPV2MNN2,0,0,,"<i>Dr. Seuss Enters., L.P. v. Penguin Books USA, Inc.</i>, 109 F.3d 1394 (9th Cir. 1997)"
227,"<i>See</i> <i>Ty, Inc. v. Publ’ns Int’l Ltd.</i>, 292 F.3d 512, 520 (7th Cir. 2002)",see,D48IKRL6,0,0,p. 520,"<i>See</i> <i>Ty, Inc. v. Publ’ns Int’l Ltd.</i>, 292 F.3d 512, 520 (7th Cir. 2002)"
228,"<i>Viacom Int’l, Inc. v. YouTube, Inc.</i>, 676 F.3d 19, 31 (2d Cir. 2012)",none,98VSSPBM,0,0,p. 31,"<i>Viacom Int’l, Inc. v. YouTube, Inc.</i>, 676 F.3d 19, 31 (2d Cir. 2012)"
229,"<i>Exxon Mobil Corp. v. Allapattah Servs., Inc.</i>, 545 U.S. 546, 571 (2005)",none,HHMBUHCP,0,0,p. 571,"<i>Exxon Mobil Corp. v. Allapattah Servs., Inc.</i>, 545 U.S. 546, 571 (2005)"
230,"<i>Warner Bros. Entm’t Inc. v. RDR Books</i>, 575 F. Supp. 2d 513, 518 (S.D.N.Y. 2008)",none,GWZSWHTM,0,0,p. 518,"<i>Warner Bros. Entm’t Inc. v. RDR Books</i>, 575 F. Supp. 2d 513, 518 (S.D.N.Y. 2008)"
231,"<i>Williamson v. United States</i>, 184 F.2d 280 (Jackson, Circuit Justice, 2d Cir. 1950)",none,3YSWWBQU,0,0,,"<i>Williamson v. United States</i>, 184 F.2d 280 (Jackson, Circuit Justice, 2d Cir. 1950)"
233,<var>tit. no.</var> U.S.C. § <var>x</var> (<var>year</var>),none,ASVQ4JV5,0,0,sec. 123,50 U.S.C. § 123 (2000)
234,<var>tit. no.</var> U.S.C.A. § <var>x</var> (West <var>year</var>),none,J4NXLWEK,0,0,sec. 123,50 U.S.C.A. § 123 (West 2000)
235,<var>tit. no.</var> U.S.C.S. § <var>x</var> (LexisNexis <var>year</var>),none,R3HJLMU2,0,0,sec. 123,50 U.S.C.S. § 123 (LexisNexis 2000)
236,<var>tit. no.</var> U.S.C.U. § <var>x</var> (Gould <var>year</var>),none,FPXKT9TR,0,0,sec. 123,50 U.S.C.U. § 123 (Gould 2000)
237,<var>vol. no.</var> Stat. <var>page no.</var> (<var>year</var>),none,EK8GK6FG,0,0,,23 Stat. 45 (2000)
269,Treas. Reg. § 1.41-2 (1989),none,T58ZZV7A,0,0,sec. 1.41-2,Treas. Reg. § 1.41-2 (1989)
270,Temp. Treas. Reg. § 5e.274-8 (1982),none,4X42XDJA,0,0,sec. 5e.274-8,Temp. Treas. Reg. § 5e.274-8 (1982)
272,Treas. Reg. § 1.41-2 (as amended in 2001),none,LZKUSE3U,0,0,sec. 1.41-2,Treas. Reg. § 1.41-2 (as amended in 2001)
273,Treas. Reg. § 1.41-2,none,55RKWAIN,0,0,sec. 1.41-2,Treas. Reg. § 1.41-2
274,"Prop. Treas. Reg. § 1.704-1, 48 Fed. Reg. 9871, 9872 (Mar. 9, 1983)",none,C38WBT85,0,0,"sec. 1.704-1, 48 Fed. Reg. 9871, 9872","Prop. Treas. Reg. § 1.704-1, 48 Fed. Reg. 9871, 9872 (Mar. 9, 1983)"
308,Ala. Code § <var>x-x-x</var> (<var>year</var>),none,BK66C7GN,0,0,sec. 12-34-56,Ala. Code § 12-34-56 (2000)
309,Ala. Code § <var>x-x-x</var> (LexisNexis <var>year</var>),none,KZJK36LJ,0,0,sec. 12-34-56,Ala. Code § 12-34-56 (LexisNexis 2000)
310,<var>year</var> Ala. Laws <var>page no.</var>,none,LXII66NR,0,0,,2000 Ala. Laws 45
313,Ala. Admin. Code r. <var>x-x-x.x</var> (<var>year</var>),none,25YA6JUL,0,0,r. 12-34-56.78,Ala. Admin. Code r. 12-34-56.78 (2000)
314,"<var>vol. no.</var> Ala. Admin. Monthly <var>page no.</var> (<var>month day, year</var>)",none,48FQCUTT,0,0,,"23 Ala. Admin. Monthly 45 (Apr. 1, 2000)"
315,Alaska Stat. § <var>x.x.x</var> (<var>year</var>),none,2UQ5NWEF,0,0,sec. 12.34.56,Alaska Stat. § 12.34.56 (2000)
316,Alaska Stat. Ann. § <var>x.x.x</var> (West <var>year</var>),none,6CV32U7E,0,0,sec. 12.34.56,Alaska Stat. Ann. § 12.34.56 (West 2000)
317,<var>year</var> Alaska Sess. Laws <var>page no.</var>,none,8XEHFKVR,0,0,,2000 Alaska Sess. Laws 45
320,"Alaska Admin. Code tit. <var>x</var>, § <var>x.x</var> (<var>year</var>)",none,Y8676F7L,0,0,sec. 12.34,"Alaska Admin. Code tit. 123, § 12.34 (2000)"
321,Ariz. Rev. Stat. Ann. § <var>x-x</var> (<var>year</var>),none,JD5U83BE,0,0,sec. 12-34,Ariz. Rev. Stat. Ann. § 12-34 (2000)
322,Ariz. Rev. Stat. § <var>x-x</var> (LexisNexis <var>year</var>),none,KV5IRSIX,0,0,sec. 12-34,Ariz. Rev. Stat. § 12-34 (LexisNexis 2000)
323,<var>year</var> Ariz. Sess. Laws <var>page no.</var>,none,7KWJ4SPU,0,0,,2000 Ariz. Sess. Laws 45
325,Ariz. Admin. Code § <var>x-x-x</var> (<var>year</var>),none,YBCBRTHY,0,0,sec. 12-34-56,Ariz. Admin. Code § 12-34-56 (2000)
326,"<var>vol. no.</var> Ariz. Admin. Reg. <var>page no.</var> (<var>month day, year</var>)",none,I9JNHZCR,0,0,,"23 Ariz. Admin. Reg. 45 (Apr. 1, 2000)"
327,Ark. Code Ann. § <var>x-x-x</var> (<var>year</var>),none,MPD5IVP2,0,0,sec. 12-34-56,Ark. Code Ann. § 12-34-56 (2000)
328,Ark. Code Ann. § <var>x-x-x</var> (West <var>year</var>),none,4P7YR5FF,0,0,sec. 12-34-56,Ark. Code Ann. § 12-34-56 (West 2000)
332,<var>x-x-x</var> Ark. Code R. § <var>x</var> (LexisNexis <var>year</var>),none,P6KUGYMB,0,0,sec. 123,12-34-56 Ark. Code R. § 123 (LexisNexis 2000)
333,<var>vol. no.</var> Ark. Reg. <var>page no.</var> (<var>month year</var>),none,NU5NJ72H,0,0,,23 Ark. Reg. 45 (Apr. 2000)
335,Cal. <var>Subject</var> Code § <var>x</var> (West <var>year</var>),none,YFYYRMPS,0,0,sec. 123,Cal. Civil Code § 123 (West 2000)
336,Cal. <var>Subject</var> Code § <var>x</var> (Deering <var>year</var>),none,VQZ6YTDU,0,0,sec. 123,Cal. Civil Code § 123 (Deering 2000)
340,"Cal. Code Regs. tit. <var>x</var>, § <var>x</var> (<var>year</var>)",none,9C6P84YZ,0,0,sec. 123,"Cal. Code Regs. tit. 123, § 123 (2000)"
341,"<var>iss. no.</var> Cal. Regulatory Notice Reg. <var>page no.</var> (<var>month day, year</var>)",none,7N68Q2MI,0,0,,"15 Cal. Regulatory Notice Reg. 45 (Apr. 1, 2000)"
345,Colo. Rev. Stat. § <var>x-x-x</var> (<var>year</var>),none,6UVKSLWA,0,0,sec. 12-34-56,Colo. Rev. Stat. § 12-34-56 (2000)
346,Colo. Rev. Stat. Ann. § <var>x-x-x</var> (West <var>year</var>),none,MEPXZWAU,0,0,sec. 12-34-56,Colo. Rev. Stat. Ann. § 12-34-56 (West 2000)
347,<var>year</var> Colo. Sess. Laws <var>page no.</var>,none,MWHGZCIR,0,0,,2000 Colo. Sess. Laws 45
349,Colo. Code Regs. § <var>x-x</var> (<var>year</var>),none,ATYK4HBV,0,0,sec. 12-34,Colo. Code Regs. § 12-34 (2000)
350,<var>vol. no.</var> Colo. Code Regs. § <var>x-x</var> (LexisNexis <var>year</var>),none,WIWI984E,0,0,sec. 12-34,23 Colo. Code Regs. § 12-34 (LexisNexis 2000)
351,<var>iss. no.</var> Colo. Reg. <var>page no.</var> (<var>month year</var>),none,3D9I8UFJ,0,0,,15 Colo. Reg. 45 (Apr. 2000)
352,Conn. Gen. Stat. § <var>x-x</var> (<var>year</var>),none,YFJP8GX4,0,0,sec. 12-34,Conn. Gen. Stat. § 12-34 (2000)
353,Conn. Gen. Stat. Ann. § <var>x-x</var> (West <var>year</var>),none,7V7B2IX2,0,0,sec. 12-34,Conn. Gen. Stat. Ann. § 12-34 (West 2000)
355,<var>year</var> Conn. Pub. Acts <var>page no.</var>,none,94ITEXN3,0,0,,2000 Conn. Pub. Acts 45
356,<var>year</var> Conn. Spec. Acts <var>page no.</var>,none,BF4RGCI4,0,0,,2000 Conn. Spec. Acts 45
358,Conn. Agencies Regs. § <var>x-x-x</var> (<var>year</var>),none,XXLBPWU8,0,0,sec. 12-34-56,Conn. Agencies Regs. § 12-34-56 (2000)
359,"<var>vol. no.</var> Conn. L.J. <var>page no.</var> (<var>month day, year</var>)",none,BKIDQ6KQ,0,0,,"23 Conn. L.J. 45 (Apr. 1, 2000)"
361,"Del. Code Ann. tit. <var>x</var>, § <var>x</var> (<var>year</var>)",none,334MGJ5N,0,0,sec. 123,"Del. Code Ann. tit. 123, § 123 (2000)"
362,"Del. Code Ann. tit. <var>x</var>, § <var>x</var> (West <var>year</var>)",none,2AAUBPJQ,0,0,sec. 123,"Del. Code Ann. tit. 123, § 123 (West 2000)"
363,<var>vol. no.</var> Del. Laws <var>page no.</var> (<var>year</var>),none,NI4E4WXU,0,0,,23 Del. Laws 45 (2000)
366,x-<var>x-x</var> Del. Admin. Code § <var>x</var> (<var>year</var>),none,TTAC6CT8,0,0,sec. 123,12-34-56 Del. Admin. Code § 123 (2000)
367,x-<var>x-x</var> Del. Code Regs. § <var>x</var> (LexisNexis <var>year</var>),none,LIQVN9Q4,0,0,sec. 123,12-34-56 Del. Code Regs. § 123 (LexisNexis 2000)
368,"<var>vol. no.</var> Del. Reg. Regs. <var>page no.</var> (<var>month day, year</var>)",none,F267Z263,0,0,,"23 Del. Reg. Regs. 45 (Apr. 1, 2000)"
370,D.C. Code § <var>x-x</var> (<var>year</var>),none,XJTMSH2L,0,0,sec. 12-34,D.C. Code § 12-34 (2000)
371,D.C. Code Ann. § <var>x-x</var> (West <var>year</var>),none,7DS334BU,0,0,sec. 12-34,D.C. Code Ann. § 12-34 (West 2000)
372,<var>vol. no.</var> Stat. <var>page no.</var> (<var>year</var>),none,3R4984XI,0,0,,23 Stat. 45 (2000)
373,"<var>vol. no.</var> D.C. Reg. <var>page no.</var> (<var>month day, year</var>)",none,SYJ657VB,0,0,,"23 D.C. Reg. 45 (Apr. 1, 2000)"
374,<var>year</var>-<var>pamph. no.</var> D.C. Code Adv. Leg. Serv. <var>page no.</var>,none,4SRBNAP4,0,0,,2000-14 D.C. Code Adv. Leg. Serv. 45
376,"D.C. Mun. Regs. tit. <var>x</var>, § <var>x</var> (<var>year</var>)",none,ECJJ9EC7,0,0,sec. 123,"D.C. Mun. Regs. tit. 123, § 123 (2000)"
377,D.C. Code Mun. Regs. tit. <var>x</var> § <var>x</var> (LexisNexis <var>year</var>),none,XXFB47FB,0,0,sec. 123,D.C. Code Mun. Regs. tit. 123 § 123 (LexisNexis 2000)
378,"<var>vol. no.</var> D.C. Reg. <var>page no.</var> (<var>month day, year</var>)",none,BJMCBCQ7,0,0,,"23 D.C. Reg. 45 (Apr. 1, 2000)"
379,Fla. Stat. § <var>x.x</var> (<var>year</var>),none,3X3HUBC5,0,0,sec. 12.34,Fla. Stat. § 12.34 (2000)
380,Fla. Stat. Ann. § <var>x.x</var> (West <var>year</var>),none,YX8D4G7F,0,0,sec. 12.34,Fla. Stat. Ann. § 12.34 (West 2000)
381,Fla. Stat. Ann. § <var>x.x</var> (LexisNexis <var>year</var>),none,8DMMDVUV,0,0,sec. 12.34,Fla. Stat. Ann. § 12.34 (LexisNexis 2000)
382,<var>year</var> Fla. Laws <var>page no.</var>,none,MCSZIHEL,0,0,,2000 Fla. Laws 45
384,Fla. Admin. Code Ann. r. <var>x-x.x</var> (<var>year</var>),none,XD2L2GGZ,0,0,r. 12-34.56 ,Fla. Admin. Code Ann. r. 12-34.56 (2000)
385,"<var>vol. no.</var> Fla. Admin. Reg. <var>page no.</var> (<var>month day, year</var>)",none,XIII94AK,0,0,,"23 Fla. Admin. Reg. 45 (Apr. 1, 2000)"
386,"<var>vol. no.</var> Fla. Admin. Weekly <var>page no.</var> (<var>month day, year</var>)",none,BLHFLTJI,0,0,,"23 Fla. Admin. Weekly 45 (Apr. 1, 2000)"
387,Ga. Code Ann. § <var>x-x-x</var> (<var>year</var>),none,USKGV5JY,0,0,sec. 12-34-56,Ga. Code Ann. § 12-34-56 (2000)
388,Ga. Code Ann. § <var>x-x-x</var> (West <var>year</var>),none,AIKHGXLB,0,0,sec. 12-34-56,Ga. Code Ann. § 12-34-56 (West 2000)
389,<var>year</var> Ga. Laws <var>page no.</var>,none,34Y5CZZA,0,0,,2000 Ga. Laws 45
392,Ga. Comp. R. &amp; Regs. <var>x-x-x.x</var> (<var>year</var>),none,D2ZN78AB,0,0,r. 12-34-56.78,Ga. Comp. R. & Regs. 12-34-56.78 (2000)
394,Haw. Rev. Stat. § <var>x-x</var> (<var>year</var>),none,ZGWQAKE6,0,0,sec. 12-34,Haw. Rev. Stat. § 12-34 (2000)
395,Haw. Rev. Stat. Ann. § <var>x-x</var> (LexisNexis <var>year</var>),none,PWLQTCCC,0,0,sec. 12-34,Haw. Rev. Stat. Ann. § 12-34 (LexisNexis 2000)
396,Haw. Rev. Stat. Ann. § <var>x-x</var> (West <var>year</var>),none,88QIYU97,0,0,sec. 12-34,Haw. Rev. Stat. Ann. § 12-34 (West 2000)
397,<var>year</var> Haw. Sess. Laws <var>page no.</var>,none,2S4FPRW9,0,0,,2000 Haw. Sess. Laws 45
400,Haw. Code R. § <var>x-x-x</var> (LexisNexis <var>year</var>),none,4IU5Z4XW,0,0,sec. 12-34-56,Haw. Code R. § 12-34-56 (LexisNexis 2000)
402,Idaho Code § <var>x-x</var> (<var>year</var>),none,ND62F2JT,0,0,sec. 12-34,Idaho Code § 12-34 (2000)
403,Idaho Code Ann. § <var>x-x</var> (West <var>year</var>),none,XIDG2SN2,0,0,sec. 12-34,Idaho Code Ann. § 12-34 (West 2000)
404,<var>year</var> Idaho Sess. Laws <var>page no.</var>,none,3SQSZ6FF,0,0,,2000 Idaho Sess. Laws 45
407,Idaho Admin. Code r. <var>x.x.x.x</var> (<var>year</var>),none,XLP2TBT3,,0,r. 12.34.56.78,Idaho Admin. Code r. 12.34.56.78 (2000)
408,"<var>vol. no.</var> Idaho Admin. Bull. <var>page no.</var> (<var>month day, year</var>)",none,AZKFLLYX,,0,,"23 Idaho Admin. Bull. 45 (Apr. 1, 2000)"
416,<var>year</var> Ill. Laws <var>page no.</var>,none,Z4ET9TPD,0,0,,2000 Ill. Laws 45
419,"Ill. Admin. Code tit. <var>x</var>, § <var>x</var> (<var>year</var>)",none,DZ7BX47N,0,0,sec. 123,"Ill. Admin. Code tit. 123, § 123 (2000)"
420,<var>vol. no.</var> Ill. Code R. <var>rule no.</var> (LexisNexis <var>year</var>),none,7X9W7N6M,0,0,,23 Ill. Code R. 11 (LexisNexis 2000)
421,"<var>vol. no.</var> Ill. Reg. <var>page no.</var> (<var>month day, year</var>)",none,MDI4ZSPJ,0,0,,"23 Ill. Reg. 45 (Apr. 1, 2000)"
422,Ind. Code § <var>x-x-x-x</var> (<var>year</var>),none,EWMXPUAM,0,0,sec. 12-34-56-78,Ind. Code § 12-34-56-78 (2000)
423,Ind. Code Ann. § <var>x-x-x-x</var> (West <var>year</var>),none,MRZ8DCMY,0,0,sec. 12-34-56-78,Ind. Code Ann. § 12-34-56-78 (West 2000)
424,Ind. Code Ann. § <var>x-x-x-x</var> (LexisNexis <var>year</var>),none,5YRAUZH2,0,0,sec. 12-34-56-78,Ind. Code Ann. § 12-34-56-78 (LexisNexis 2000)
428,<var>tit. no.</var> Ind. Admin. Code <var>rule no.</var> (<var>year</var>),none,WNDZDUW7,0,0,,50 Ind. Admin. Code 11 (2000)
429,<var>tit. no.</var> Ind. Admin. Code <var>rule no.</var> (West <var>year</var>),none,UFIP2K2Q,0,0,,50 Ind. Admin. Code 11 (West 2000)
430,"<var>vol. no.</var> Ind. Reg. <var>page no.</var> (<var>month day, year</var>)",none,R94QTKZG,0,0,,"23 Ind. Reg. 45 (Apr. 1, 2000)"
431,Iowa Code § <var>x.x</var> (<var>year</var>),none,NPXKBAAS,0,0,sec. 12.34,Iowa Code § 12.34 (2000)
432,Iowa Code Ann. § <var>x.x</var> (West <var>year</var>),none,YTK6IPQ7,0,0,sec. 12.34,Iowa Code Ann. § 12.34 (West 2000)
435,Iowa Admin. Code r. <var>x-x.x</var> (<var>year</var>),none,TVAJMNAE,0,0,r. 12-34.56,Iowa Admin. Code r. 12-34.56 (2000)
436,"<var>vol. no.</var> Iowa Admin. Bull. <var>page no.</var> (<var>month day, year</var>)",none,KG8DBT96,0,0,,"23 Iowa Admin. Bull. 45 (Apr. 1, 2000)"
437,Kan. Stat. Ann. § <var>x-x</var> (<var>year</var>),none,XIIWIB4N,0,0,sec. 12-34,Kan. Stat. Ann. § 12-34 (2000)
438,<var>year</var> Kan. Sess. Laws <var>page no.</var>,none,FZABDFBT,0,0,,2000 Kan. Sess. Laws 45
440,Kan. Admin. Regs. § <var>x-x-x</var> (<var>year</var>),none,BXSMA5B5,0,0,sec. 12-34-56,Kan. Admin. Regs. § 12-34-56 (2000)
441,"<var>vol. no.</var> Kan. Reg. <var>page no.</var> (<var>month day, year</var>)",none,R7AWQ934,0,0,,"23 Kan. Reg. 45 (Apr. 1, 2000)"
442,Ky. Rev. Stat. Ann. § <var>x.x</var> (West <var>year</var>),none,5AGKBGF9,0,0,sec. 12.34,Ky. Rev. Stat. Ann. § 12.34 (West 2000)
443,Ky. Rev. Stat. Ann. § <var>x.x</var> (LexisNexis <var>year</var>),none,LGIM8XR7,0,0,sec. 12.34,Ky. Rev. Stat. Ann. § 12.34 (LexisNexis 2000)
447,<var>tit. no.</var> Ky. Admin. Regs. <var>rule no.</var> (<var>year</var>),none,CD96JRFA,0,0,,50 Ky. Admin. Regs. 11 (2000)
448,<var>vol. no.</var> Ky. Admin. Reg. <var>page no.</var> (<var>month year</var>),none,QQRHP78Q,0,0,,23 Ky. Admin. Reg. 45 (Apr. 2000)
453,La. Child. Code Ann. art. <var>x</var> (<var>year</var>),none,ZQ592M9A,0,0,art. 123,La. Child. Code Ann. art. 123 (2000)
454,La. Civ. Code Ann. art. <var>x</var> (<var>year</var>),none,7FJKXGCV,0,0,art. 123,La. Civ. Code Ann. art. 123 (2000)
455,La. Code Civ. Proc. Ann. art. <var>x</var> (<var>year</var>),none,DXFLYXYS,0,0,art. 123,La. Code Civ. Proc. Ann. art. 123 (2000)
456,La. Code Crim. Proc. Ann. art. <var>x</var> (<var>year</var>),none,IZV572LP,0,0,art. 123,La. Code Crim. Proc. Ann. art. 123 (2000)
457,La. Code Evid. Ann. art. <var>x</var> (<var>year</var>),none,TFVDTZ4C,0,0,art. 123,La. Code Evid. Ann. art. 123 (2000)
458,La. Const. Ann. art. <var>x</var> (<var>year</var>),none,LFX525DB,0,0,art. 123,La. Const. Ann. art. 123 (2000)
459,<var>year</var> La. Acts <var>page no.</var>,none,PHZND6U6,0,0,,2000 La. Acts 45
461,"La. Admin. Code tit. <var>x</var>, § <var>x</var> (<var>year</var>)",none,EDMFXZ7Q,0,0,"tit. 123, sec. 123","La. Admin. Code tit. 123, § 123 (2000)"
462,"<var>vol. no.</var> La. Reg. <var>page no.</var> (<var>month day, year</var>)",none,UV86A6MY,0,0,,"23 La. Reg. 45 (Apr. 1, 2000)"
466,"Me. Stat. tit. <var>x</var>, § <var>x</var> (<var>year</var>)",none,PJQ8JRWJ,0,0,"tit. 123, sec. 123","Me. Stat. tit. 123, § 123 (2000)"
467,"Me. Rev. Stat. Ann. tit. <var>x</var>, § <var>x</var> (<var>year</var>)",none,32Q7UH76,0,0,"tit. 123, sec. 123","Me. Rev. Stat. Ann. tit. 123, § 123 (2000)"
468,<var>year</var> Me. Laws <var>page no.</var>,none,7FM3LA6W,0,0,,2000 Me. Laws 45
470,x-<var>x-x</var> Me. Code R. § <var>x</var> (LexisNexis <var>year</var>),none,MAAEGMYK,0,0,sec. 123,12-34-56 Me. Code R. § 123 (LexisNexis 2000)
474,<var>year</var> Md. Laws <var>page no.</var>,none,UPSIYQ58,0,0,,2000 Md. Laws 45
477,Md. Code Regs. <var>reg. no.</var> (<var>year</var>),none,LXX8DBLT,0,0,r. 1234,Md. Code Regs. 1234 (2000)
478,"<var>vol. no.</var> Md. Reg. <var>page no.</var> (<var>month day, year</var>)",none,9NFNW4DZ,0,0,,"23 Md. Reg. 45 (Apr. 1, 2000)"
480,"Mass. Gen. Laws ch. <var>x</var>, § <var>x</var> (<var>year</var>)",none,CQ589W7I,0,0,"ch. 123, sec. 123","Mass. Gen. Laws ch. 123, § 123 (2000)"
481,"Mass. Gen. Laws Ann. ch. <var>x</var>, § <var>x</var> (West <var>year</var>)",none,MC5I3VVG,0,0,"ch. 123, sec. 123","Mass. Gen. Laws Ann. ch. 123, § 123 (West 2000)"
482,"Mass. Ann. Laws ch. <var>x</var>, § <var>x</var> (LexisNexis <var>year</var>)",none,9IPJKF2F,0,0,"ch. 123, sec. 123","Mass. Ann. Laws ch. 123, § 123 (LexisNexis 2000)"
486,<var>tit. no.</var> Mass. Code Regs. <var>sec. no.</var> (<var>year</var>),none,WNX5E4DC,0,0,,50 Mass. Code Regs. 10 (2000)
487,<var>tit. no.</var> Mass. Code Regs. <var>sec. no.</var> (LexisNexis <var>year</var>),none,TM3HR9M6,0,0,,50 Mass. Code Regs. 10 (LexisNexis 2000)
488,"<var>iss. no.</var> Mass. Reg. <var>page no.</var> (<var>month day, year</var>)",none,DFUPXLAA,0,0,,"15 Mass. Reg. 45 (Apr. 1, 2000)"
489,Mich. Comp. Laws § <var>x.x</var> (<var>year</var>),none,SDUDHNXB,0,0,sec. 12.34,Mich. Comp. Laws § 12.34 (2000)
490,Mich. Comp. Laws Ann. § <var>x.x</var> (West <var>year</var>),none,8TXECT2T,0,0,sec. 12.34,Mich. Comp. Laws Ann. § 12.34 (West 2000)
491,Mich. Comp. Laws Serv. § <var>x.x</var> (LexisNexis <var>year</var>),none,R3SUT2J5,0,0,sec. 12.34,Mich. Comp. Laws Serv. § 12.34 (LexisNexis 2000)
495,Mich. Admin. Code r. <var>x.x</var> (<var>year</var>),none,AEIRSMSZ,0,0,r. 12.34,Mich. Admin. Code r. 12.34 (2000)
496,"<var>iss. no.</var> Mich. Reg. <var>page no.</var> (<var>month day, year</var>)",none,NAKEH7MB,0,0,,"15 Mich. Reg. 45 (Apr. 1, 2000)"
497,Minn. Stat. § <var>x.x</var> (<var>year</var>),none,JA74WYWV,0,0,sec. 12.34,Minn. Stat. § 12.34 (2000)
498,Minn. Stat. Ann. § <var>x.x</var> (West <var>year</var>),none,W3MFR2YV,0,0,sec. 12.34,Minn. Stat. Ann. § 12.34 (West 2000)
499,<var>year</var> Minn. Laws <var>page no.</var>,none,DAKPFRMF,0,0,,2000 Minn. Laws 45
501,Minn. R. <var>rule no.</var> (<var>year</var>),none,DKQXUB7D,0,0,r. 11,Minn. R. 11 (2000)
502,"<var>vol. no.</var> Minn. Reg. <var>page no.</var> (<var>month day, year</var>)",none,WBTLHD8R,0,0,,"23 Minn. Reg. 45 (Apr. 1, 2000)"
505,Miss. Code Ann. § <var>x-x-x</var> (<var>year</var>),none,LBVH7FWS,0,0,sec. 12-34-56,Miss. Code Ann. § 12-34-56 (2000)
506,Miss. Code Ann. § <var>x-x-x</var> (West <var>year</var>),none,QS8YUJZY,0,0,sec. 12-34-56,Miss. Code Ann. § 12-34-56 (West 2000)
507,<var>year</var> Miss. Laws <var>page no.</var>,none,CITQEDAF,0,0,,2000 Miss. Laws 45
510,<var>tit. no.</var>-<var>ch. no.</var> Miss. Code R. § <var>x</var> (LexisNexis <var>year</var>),none,8TINFYU4,0,0,sec. 123,50-12 Miss. Code R. § 123 (LexisNexis 2000)
512,Mo. Rev. Stat. § <var>x.x</var> (<var>year</var>),none,RIQAT2M3,0,0,sec. 12.34,Mo. Rev. Stat. § 12.34 (2000)
513,Mo. Ann. Stat. § <var>x.x</var> (West <var>year</var>),none,AQIGCUPE,0,0,sec. 12.34,Mo. Ann. Stat. § 12.34 (West 2000)
514,<var>year</var> Mo. Laws <var>page no.</var>,none,AZK843TJ,0,0,,2000 Mo. Laws 45
516,"Mo. Code Regs. Ann. tit. <var>x</var>, § <var>x-x.x</var> (<var>year</var>)",none,ILP67APE,0,0,sec. 12-34.56,"Mo. Code Regs. Ann. tit. 123, § 12-34.56 (2000)"
517,"<var>vol. no.</var> Mo. Reg. <var>page no.</var> (<var>month day, year</var>)",none,SP9RHZVF,0,0,,"23 Mo. Reg. 45 (Apr. 1, 2000)"
519,Mont. Code Ann. § <var>x-x-x</var> (<var>year</var>),none,78Z6QLM9,0,0,sec. 12-34-56,Mont. Code Ann. § 12-34-56 (2000)
520,Mont. Code Ann. § <var>x-x-x</var> (West <var>year</var>),none,IX9CQIQW,0,0,sec. 12-34-56,Mont. Code Ann. § 12-34-56 (West 2000)
521,<var>year</var> Mont. Laws <var>page no.</var>,none,P6TC6TMP,0,0,,2000 Mont. Laws 45
522,Mont. Admin. R. <var>rule no.</var> (<var>year</var>),none,WIQ83Q68,0,0,r. 11,Mont. Admin. R. 11 (2000)
523,"<var>iss. no.</var> Mont. Admin. Reg. <var>page no.</var> (<var>month day, year</var>)",none,GXQHA49T,0,0,,"15 Mont. Admin. Reg. 45 (Apr. 1, 2000)"
524,Neb. Rev. Stat. § <var>x-x</var> (<var>year</var>),none,BR6P5HIV,0,0,sec. 12-34,Neb. Rev. Stat. § 12-34 (2000)
525,Neb. Rev. Stat. Ann. § <var>x-x</var> (LexisNexis <var>year</var>),none,RBTDEHLB,0,0,sec. 12-34,Neb. Rev. Stat. Ann. § 12-34 (LexisNexis 2000)
526,Neb. Rev. Stat. Ann. § <var>x-x</var> (West <var>year</var>),none,7ZGQGB46,0,0,sec. 12-34,Neb. Rev. Stat. Ann. § 12-34 (West 2000)
527,<var>year</var> Neb. Laws <var>page no.</var>,none,JIZHY6T3,0,0,,2000 Neb. Laws 45
529,<var>tit. no.</var> Neb. Admin. Code § <var>x-x</var> (<var>year</var>),none,SA5WZUHR,0,0,sec. 12-34,50 Neb. Admin. Code § 12-34 (2000)
530,Nev. Rev. Stat. § <var>x.x</var> (<var>year</var>),none,FADTQS7P,0,0,sec. 12.34,Nev. Rev. Stat. § 12.34 (2000)
531,Nev. Rev. Stat. Ann. § <var>x.x</var> (LexisNexis <var>year</var>),none,ESPRGUUE,0,0,sec. 12.34,Nev. Rev. Stat. Ann. § 12.34 (LexisNexis 2000)
532,Nev. Rev. Stat. Ann. § <var>x.x</var> (West <var>year</var>),none,XLVERGKR,0,0,sec. 12.34,Nev. Rev. Stat. Ann. § 12.34 (West 2000)
535,Nev. Admin. Code § <var>x.x</var> (<var>year</var>),none,HPPX3BKK,0,0,sec. 12.34,Nev. Admin. Code § 12.34 (2000)
536,"<var>vol. no.</var> Nev. Reg. Admin. Regs. <var>reg. no.</var> (<var>month day, year</var>)",none,I45QKNX7,0,0,,"23 Nev. Reg. Admin. Regs. 1234 (Apr. 1, 2000)"
539,<var>year</var> N.H. Laws <var>page no.</var>,none,CYFWNJQB,0,0,,2000 N.H. Laws 45
540,<var>year</var> N.H. Legis. Serv. <var>page no.</var>,none,W8JCE3EL,0,0,,2000 N.H. Legis. Serv. 45
542,N.H. Code Admin. R. Ann. <var>dep't name as abbreviated in Rules</var> <var>rule no.</var> (<var>year</var>),none,I945RM45,0,0,r. 11,N.H. Code Admin. R. Ann. Env. Dept. 11 (2000)
543,N.H. Code R. <var>dep't name as abbreviated in Rules</var> <var>rule no.</var> (LexisNexis <var>year</var>),none,Y8DC3UFT,0,0,r. 11,N.H. Code R. Env. Dept. 11 (LexisNexis 2000)
544,"<var>vol. no.</var> N.H. Rulemaking Reg. <var>page no.</var> (<var>month day, year</var>)",none,JL87Z8HG,0,0,,"23 N.H. Rulemaking Reg. 45 (Apr. 1, 2000)"
548,<var>year</var> N.J. Laws <var>page no.</var>,none,QCHZDP9X,0,0,,2000 N.J. Laws 45
551,"<var>vol. no.</var> N.J. Reg. <var>page no.</var> (<var>month day, year</var>)",none,EWGKNLJ6,0,0,,"23 N.J. Reg. 45 (Apr. 1, 2000)"
556,N.M. Stat. Ann. § <var>x-x-x</var> (<var>year</var>),none,DU97T64E,0,0,sec. 12-34-56,N.M. Stat. Ann. § 12-34-56 (2000)
557,N.M. Stat. Ann. § <var>x-x-x</var> (West <var>year</var>),none,S7GKRNRQ,0,0,sec. 12-34-56,N.M. Stat. Ann. § 12-34-56 (West 2000)
558,N.M. Stat. Ann. § <var>x-x-x</var>  (LexisNexis <var>year</var>),none,BRHWK4C5,0,0,sec. 12-34-56 ,N.M. Stat. Ann. § 12-34-56  (LexisNexis 2000)
559,<var>year</var> N.M. Laws <var>page no.</var>,none,5FT43HQX,0,0,,2000 N.M. Laws 45
560,<var>year</var> N.M. Adv. Legis. Serv. <var>page no.</var>,none,C2IDAA86,0,0,,2000 N.M. Adv. Legis. Serv. 45
562,N.M. Code R. § <var>x.x.x.x</var> (LexisNexis <var>year</var>),none,IUZ8DI4A,0,0,sec. 12.34.56.78,N.M. Code R. § 12.34.56.78 (LexisNexis 2000)
563,"<var>vol. no.</var> N.M. Reg. <var>page no.</var> (<var>month day, year</var>)",none,TP8RI7MT,0,0,,"23 N.M. Reg. 45 (Apr. 1, 2000)"
564,N.Y. <var>subject</var> Law § <var>x</var> (McKinney <var>year</var>),none,MBRFHPP7,0,0,sec. 123,N.Y. Correctional Services Law § 123 (McKinney 2000)
565,N.Y. <var>subject</var> Law § <var>x</var> (Consol. <var>year</var>),none,N65KFF6D,0,0,sec. 123,N.Y. Correctional Services Law § 123 (Consol. 2000)
566,N.Y. <var>subject</var> Law § <var>x</var> (LexisNexis <var>year</var>),none,KBFAF29V,0,0,sec. 123,N.Y. Correctional Services Law § 123 (LexisNexis 2000)
567,N.Y. C.P.L.R. <var>rule no.</var> (McKinney <var>year</var>),none,3LD97YRI,0,0,r. 11,N.Y. C.P.L.R. 11 (McKinney 2000)
568,N.Y. C.P.L.R. <var>rule no.</var> (Consol. <var>year</var>),none,DHD4PVM7,0,0,r. 11,N.Y. C.P.L.R. 11 (Consol. 2000)
569,N.Y. <var>law</var> § <var>x</var> (McKinney <var>year</var>),none,J37MSJJ7,0,0,sec. 123,N.Y. Uniform District Court Act § 123 (McKinney 2000)
570,N.Y. <var>law</var> § <var>x</var> (Consol. <var>year</var>),none,EXITLMST,0,0,sec. 123,N.Y. Uniform District Court Act § 123 (Consol. 2000)
571,N.Y. <var>law</var> § <var>x</var> (LexisNexis <var>year</var>),none,J57ARES7,0,0,sec. 123,N.Y. Uniform District Court Act § 123 (LexisNexis 2000)
572,<var>year</var> N.Y. Laws <var>page no.</var>,none,MBSBR28Q,0,0,,2000 N.Y. Laws 45
573,<var>year</var> N.Y. Sess. Laws <var>page no.</var>,none,AMU9EMKF,0,0,,2000 N.Y. Sess. Laws 45
576,"N.Y. Comp. Codes R. &amp; Regs. tit. <var>x</var>, § <var>x</var> (<var>year</var>)",none,9WK4F5U9,0,0,"tit. 123, sec. 123","N.Y. Comp. Codes R. & Regs. tit. 123, § 123 (2000)"
577,"<var>vol. no.</var> N.Y. Reg. <var>page no.</var> (<var>month day, year</var>)",none,BL9YQE7P,0,0,,"23 N.Y. Reg. 45 (Apr. 1, 2000)"
578,N.C. Gen. Stat. § <var>x-x</var> (<var>year</var>),none,9NUYDZQJ,0,0,sec. 12-34,N.C. Gen. Stat. § 12-34 (2000)
579,N.C. Gen. Stat. Ann. § <var>x-x</var> (West <var>year</var>),none,JCBSBQ3K,0,0,sec. 12-34,N.C. Gen. Stat. Ann. § 12-34 (West 2000)
580,<var>year</var> N.C. Sess. Laws <var>page no.</var>,none,WTKKBBU7,0,0,,2000 N.C. Sess. Laws 45
583,<var>tit. no.</var> N.C. Admin. Code <var>rule no.</var> (<var>year</var>),none,MHLR29GQ,0,0,r. 11,50 N.C. Admin. Code 11 (2000)
584,"<var>vol. no.</var> N.C. Reg. <var>page no.</var> (<var>month day, year</var>)",none,I8YUS49Y,0,0,,"23 N.C. Reg. 45 (Apr. 1, 2000)"
589,N.D. Cent. Code § <var>x-x-x</var> (<var>year</var>),none,T2LPDEFB,0,0,sec. 12-34-56,N.D. Cent. Code § 12-34-56 (2000)
590,N.D. Cent. Code Ann. § <var>x-x-x</var> (West <var>year</var>),none,GZEIZEIM,0,0,sec. 12-34-56,N.D. Cent. Code Ann. § 12-34-56 (West 2000)
591,<var>year</var> N.D. Laws <var>page no.</var>,none,U82NG4AH,0,0,,2000 N.D. Laws 45
594,N.D. Admin. Code <var>rule no.</var> (<var>year</var>),none,Q3CNX4QV,0,0,r. 11,N.D. Admin. Code 11 (2000)
598,Ohio Rev. Code Ann. § <var>x.x</var> (LexisNexis <var>year</var>),none,C8F67C37,0,0,sec. 12.34,Ohio Rev. Code Ann. § 12.34 (LexisNexis 2000)
599,Ohio Rev. Code Ann. § <var>x.x</var> (West <var>year</var>),none,FFGEVLBV,0,0,sec. 12.34,Ohio Rev. Code Ann. § 12.34 (West 2000)
602,Ohio Admin. Code <var>rule no.</var> (<var>year</var>),none,LS4MPI38,0,0,r. 11,Ohio Admin. Code 11 (2000)
603,Ohio Monthly Rec. <var>page no.</var> (<var>month year</var>),none,IYSDD9JC,0,0,,Ohio Monthly Rec. 45 (Apr. 2000)
610,"Okla. Stat. tit. <var>x</var>, § <var>x</var> (<var>year</var>)",none,4PRGELRY,0,0,sec. 123,"Okla. Stat. tit. 123, § 123 (2000)"
611,"Okla. Stat. Ann. tit. <var>x</var>, § <var>x</var> (West <var>year</var>)",none,F93TLREV,0,0,sec. 123,"Okla. Stat. Ann. tit. 123, § 123 (West 2000)"
612,<var>year</var> Okla. Sess. Laws <var>page no.</var>,none,DSWW5PRH,0,0,,2000 Okla. Sess. Laws 45
615,"<var>vol. no.</var> Okla. Reg. <var>page no.</var> (<var>month day, year</var>)",none,QQNQMYKC,0,0,,"23 Okla. Reg. 45 (Apr. 1, 2000)"
616,"<var>vol. no.</var> Okla. Gaz. <var>page no.</var> (<var>month day, year</var>)",none,3Y8B5PBE,0,0,,"23 Okla. Gaz. 45 (Apr. 1, 2000)"
617,Or. Rev. Stat. § <var>x.x</var> (<var>year</var>),none,MD2MEI6U,0,0,sec. 12.34,Or. Rev. Stat. § 12.34 (2000)
618,Or. Rev. Stat. Ann. § <var>x.x</var> (West <var>year</var>),none,97PFWAAS,0,0,sec. 12.34,Or. Rev. Stat. Ann. § 12.34 (West 2000)
619,<var>year</var> Or. Laws <var>page no.</var>,none,YY9CUKYB,0,0,,2000 Or. Laws 45
620,<var>year</var> Or. Laws Spec. Sess. <var>page no.</var>,none,CQB7Y7GX,0,0,,2000 Or. Laws Spec. Sess. 45
623,Or. Admin. R. <var>rule no.</var> (<var>year</var>),none,ZYFHFPSD,0,0,r. 11,Or. Admin. R. 11 (2000)
624,"<var>vol. no.</var> Or. Bull. <var>page no.</var> (<var>month day, year</var>)",none,UEGFTVCF,0,0,,"23 Or. Bull. 45 (Apr. 1, 2000)"
626,<var>tit. no.</var> Pa. Cons. Stat. § <var>x</var> (<var>year</var>),none,PBIIWHCD,0,0,sec. 123,50 Pa. Cons. Stat. § 123 (2000)
628,<var>year</var> Pa. Laws <var>page no.</var>,none,6GTZ2I7P,0,0,,2000 Pa. Laws 45
630,<var>tit. no.</var> Pa. Code § <var>x.x</var> (<var>year</var>),none,ENXKVXJE,0,0,sec. 12.34,50 Pa. Code § 12.34 (2000)
631,"<var>vol. no.</var> Pa. Bull. <var>page no.</var> (<var>month day, year</var>)",none,6FETUWHD,0,0,,"23 Pa. Bull. 45 (Apr. 1, 2000)"
632,<var>tit. no.</var> R.I. Gen. Laws § <var>x-x-x</var> (<var>year</var>),none,7TP9P9MM,0,0,sec. 12-34-56,50 R.I. Gen. Laws § 12-34-56 (2000)
633,<var>tit. no.</var> R.I. Gen. Laws Ann. § <var>x-x-x</var> (West <var>year</var>),none,2NBN3HBL,0,0,sec. 12-34-56,50 R.I. Gen. Laws Ann. § 12-34-56 (West 2000)
634,<var>year</var> R.I. Pub. Laws <var>page no.</var>,none,GWQE4ZZW,0,0,,2000 R.I. Pub. Laws 45
638,<var>tit. no.</var>-<var>ch. no.</var> R.I. Code R. § <var>x</var> (LexisNexis <var>year</var>),none,AE2RGA8J,0,0,sec. 123,50-12 R.I. Code R. § 123 (LexisNexis 2000)
640,S.C. Code Ann. § <var>x-x-x</var> (<var>year</var>),none,UJQRY235,0,0,sec. 12-34-56,S.C. Code Ann. § 12-34-56 (2000)
642,S.C. Code Ann. Regs. <var>reg. no.</var> (<var>year</var>),none,AZH5TI9F,0,0,r. 1234,S.C. Code Ann. Regs. 1234 (2000)
643,"<var>vol. no.</var> S.C. Reg. <var>page no.</var> (<var>month day, year</var>)",none,YX98H5QC,0,0,,"23 S.C. Reg. 45 (Apr. 1, 2000)"
646,S.D. Codified Laws § <var>x-x-x</var> (<var>year</var>),none,CUGEIFLS,0,0,sec. 12-34-56,S.D. Codified Laws § 12-34-56 (2000)
648,S.D. Admin. R. <var>rule no.</var> (<var>year</var>),none,P9UNAV7F,0,0,r. 11,S.D. Admin. R. 11 (2000)
649,"<var>vol. no.</var> S.D. Reg. <var>page no.</var> (<var>month day, year</var>)",none,JJDIRN3X,0,0,,"23 S.D. Reg. 45 (Apr. 1, 2000)"
650,Tenn. Code Ann. § <var>x-x-x</var> (<var>year</var>),none,9VCZP8TM,0,0,sec. 12-34-56,Tenn. Code Ann. § 12-34-56 (2000)
651,Tenn. Code Ann. § <var>x-x-x</var> (West <var>year</var>),none,DZBAAJQM,0,0,sec. 12-34-56,Tenn. Code Ann. § 12-34-56 (West 2000)
656,Tenn. Comp. R. &amp; Regs. <var>rule no.</var> (<var>year</var>),none,2ZMHVS52,0,0,r. 11,Tenn. Comp. R. & Regs. 11 (2000)
657,<var>vol. no.</var> Tenn. Admin. Reg. <var>page no.</var> (<var>month year</var>),none,JPDQ298Q,0,0,,23 Tenn. Admin. Reg. 45 (Apr. 2000)
658,Tex. <var>Subject</var> Code Ann. § <var>x</var> (West <var>year</var>),none,RS3HMPQE,0,0,sec. 123,Tex. Civil Code Ann. § 123 (West 2000)
659,"Tex. Rev. Civ. Stat. Ann. art. <var>x</var>, § <var>x</var> (West <var>year</var>)",none,KPQD9EKQ,0,0,sec. 123,"Tex. Rev. Civ. Stat. Ann. art. 123, § 123 (West 2000)"
660,Tex. Bus. Corp. Act Ann. art. <var>x</var> (West <var>year</var>),none,JGPFTZPG,0,0,art. 123,Tex. Bus. Corp. Act Ann. art. 123 (West 2000)
661,Tex. Code Crim. Proc. Ann. art. <var>x</var> (West <var>year</var>),none,LKXDAJ2J,0,0,art. 123,Tex. Code Crim. Proc. Ann. art. 123 (West 2000)
662,Tex. Ins. Code Ann. art. <var>x</var> (West <var>year</var>),none,VA5YRDVL,0,0,art. 123,Tex. Ins. Code Ann. art. 123 (West 2000)
663,Tex. Prob. Code Ann. § <var>x</var> (West <var>year</var>),none,B4KD2Y4L,0,0,sec. 123,Tex. Prob. Code Ann. § 123 (West 2000)
664,<var>year</var> Tex. Gen. Laws <var>page no.</var>,none,5J28L8WP,0,0,,2000 Tex. Gen. Laws 45
666,<var>year</var> Repub. Tex. Laws <var>page no.</var>,none,DZEADXYB,0,0,,2000 Repub. Tex. Laws 45
667,<var>tit. no.</var> Tex. Admin. Code § <var>x.x</var> (<var>year</var>),none,CNCW5SSJ,0,0,sec. 12.34,50 Tex. Admin. Code § 12.34 (2000)
668,"<var>vol. no.</var> Tex. Reg. <var>page no.</var> (<var>month day, year</var>)",none,HCYILIZ8,0,0,,"23 Tex. Reg. 45 (Apr. 1, 2000)"
675,Utah Code Ann. § <var>x-x-x</var> (LexisNexis <var>year</var>),none,FIBN4QTI,0,0,sec. 12-34-56,Utah Code Ann. § 12-34-56 (LexisNexis 2000)
676,Utah Code Ann. § <var>x-x-x</var> (West <var>year</var>),none,6RMMGM6K,0,0,sec. 12-34-56,Utah Code Ann. § 12-34-56 (West 2000)
677,<var>year</var> Utah Laws <var>page no.</var>,none,3AVLGTHK,0,0,,2000 Utah Laws 45
680,Utah Admin. Code r. <var>x-x-x</var> (<var>year</var>),none,GTJ6RCJE,0,0,r. 12-34-56 ,Utah Admin. Code r. 12-34-56 (2000)
681,"<var>iss. no.</var> Utah Bull. <var>page no.</var> (<var>month day, year</var>)",none,NP7DUYPI,0,0,,"15 Utah Bull. 45 (Apr. 1, 2000)"
683,"Vt. Stat. Ann. tit. <var>x</var>, § <var>x</var> (<var>year</var>)",none,UQ9IRVE7,0,0,"tit. 123, sec. 123","Vt. Stat. Ann. tit. 123, § 123 (2000)"
684,"Vt. Stat. Ann. tit. <var>x</var>, § <var>x</var> (West <var>year</var>)",none,Q2G5A43M,0,0,"tit. 123, sec. 123","Vt. Stat. Ann. tit. 123, § 123 (West 2000)"
688,<var>tit. no.</var>-<var>ch. no.</var> Vt. Code R. § <var>x</var> (<var>year</var>),none,WTUWDWXV,0,0,sec. 123,50-12 Vt. Code R. § 123 (2000)
690,Va. Code Ann. § <var>x-x</var> (<var>year</var>),none,BDIRYH7D,0,0,sec. 12-34,Va. Code Ann. § 12-34 (2000)
691,Va. Code Ann. § <var>x-x</var> (West <var>year</var>),none,Y5ESSUMQ,0,0,sec. 12-34,Va. Code Ann. § 12-34 (West 2000)
695,<var>tit. no.</var> Va. Admin. Code § <var>x-x-x</var> (<var>year</var>),none,695XFCHC,0,0,sec. 12-34-56,50 Va. Admin. Code § 12-34-56 (2000)
696,"<var>vol. no.</var> Va. Reg. Regs. <var>page no.</var> (<var>month day, year</var>)",none,ZZD5SBHK,0,0,,"23 Va. Reg. Regs. 45 (Apr. 1, 2000)"
697,Wash. Rev. Code § <var>x.x.x</var> (<var>year</var>),none,9T6B9ZJ6,0,0,sec. 12.34.56,Wash. Rev. Code § 12.34.56 (2000)
698,Wash. Rev. Code Ann. § <var>x.x.x</var> (West <var>year</var>),none,37NDC2SZ,0,0,sec. 12.34.56,Wash. Rev. Code Ann. § 12.34.56 (West 2000)
699,Wash. Rev. Code Ann. § <var>x.x.x</var> (LexisNexis <var>year</var>),none,W98E8INM,0,0,sec. 12.34.56,Wash. Rev. Code Ann. § 12.34.56 (LexisNexis 2000)
700,<var>year</var> Wash. Sess. Laws <var>page no.</var>,none,AJZRVN9X,0,0,,2000 Wash. Sess. Laws 45
702,Wash. Admin. Code § <var>x-x-x</var> (<var>year</var>),none,DUBNM5KS,0,0,sec. 12-34-56,Wash. Admin. Code § 12-34-56 (2000)
703,"<var>iss. no.</var> Wash. Reg. <var>page no.</var> (<var>month day, year</var>)",none,6LSH8MBJ,0,0,,"15 Wash. Reg. 45 (Apr. 1, 2000)"
704,W. Va. Code § <var>x-x-x</var> (<var>year</var>),none,QWH77FF5,0,0,sec. 12-34-56,W. Va. Code § 12-34-56 (2000)
705,W. Va. Code Ann. § <var>x-x-x</var> (LexisNexis <var>year</var>),none,BZ2URG2A,0,0,sec. 12-34-56,W. Va. Code Ann. § 12-34-56 (LexisNexis 2000)
706,W. Va. Code Ann. § <var>x-x-x</var> (West <var>year</var>),none,QXF5XRI2,0,0,sec. 12-34-56,W. Va. Code Ann. § 12-34-56 (West 2000)
709,<var>year</var> W. Va. Legis. Serv. <var>page no.</var>,none,BQ2556PN,0,0,,2000 W. Va. Legis. Serv. 45
710,W. Va. Code R. § <var>x-x-x</var> (<var>year</var>),none,QMI2FV5A,0,0,sec. 12-34-56,W. Va. Code R. § 12-34-56 (2000)
711,"<var>vol. no.</var> W. Va. Reg. <var>page no.</var> (<var>month day, year</var>)",none,N4ERETCP,0,0,,"23 W. Va. Reg. 45 (Apr. 1, 2000)"
716,Wis. Stat. § <var>x.x</var> (<var>year</var>),none,FELNE7UR,0,0,sec. 12.34,Wis. Stat. § 12.34 (2000)
717,Wis. Stat. Ann. § <var>x.x</var> (West <var>year</var>),none,5N8VZ6IQ,0,0,sec. 12.34,Wis. Stat. Ann. § 12.34 (West 2000)
718,<var>year</var> Wis. Sess. Laws <var>page no.</var>,none,S2XL7E5H,0,0,,2000 Wis. Sess. Laws 45
720,Wis. Admin. Code <var>agency abbreviation</var> § <var>x-x</var> (<var>year</var>),none,HP5B9C4J,0,0,sec. 12-34,Wis. Admin. Code DOJ § 12-34 (2000)
721,"<var>iss. no.</var> Wis. Admin. Reg. <var>page no.</var> (<var>month day, year</var>)",none,7SRVRDB8,0,0,,"15 Wis. Admin. Reg. 45 (Apr. 1, 2000)"
724,Wyo. Stat. Ann. § <var>x-x-x</var> (<var>year</var>),none,CNGGL33C,0,0,sec. 12-34-56,Wyo. Stat. Ann. § 12-34-56 (2000)
725,Wyo. Stat. Ann. § <var>x-x-x</var> (West <var>year</var>),none,Q8AAT3VQ,0,0,sec. 12-34-56,Wyo. Stat. Ann. § 12-34-56 (West 2000)
726,<var>year</var> Wyo. Sess. Laws <var>page no.</var>,none,WJ6TUKK9,0,0,,2000 Wyo. Sess. Laws 45
728,<var>tit. no.</var>-<var>ch. no.</var> Wyo. Code R. § <var>x</var> (LexisNexis <var>year</var>),none,L2JHBD3C,0,0,sec. 123,50-12 Wyo. Code R. § 123 (LexisNexis 2000)
730,Am. Samoa Code Ann. § <var>x</var> (<var>year</var>),none,5MXURSI4,0,0,sec. 123,Am. Samoa Code Ann. § 123 (2000)
731,Am. Samoa Admin. Code § <var>x</var> (<var>year</var>),none,ZJ4VHBCK,0,0,sec. 123,Am. Samoa Admin. Code § 123 (2000)
732,"C.Z. Code tit. <var>x</var>, § <var>x</var> (<var>year</var>)",none,492AZJ9K,0,0,sec. 123,"C.Z. Code tit. 123, § 123 (2000)"
734,<var>tit. no.</var> Guam Code Ann. § <var>x</var> (<var>year</var>),none,9GRLSF53,0,0,sec. 123,50 Guam Code Ann. § 123 (2000)
735,Guam Pub. L. <var>law no.</var> (<var>year</var>),none,B4HEKNG3,0,0,r. 1234,Guam Pub. L. 1234 (2000)
737,"Navajo Nation Code Ann. tit. <var>x</var>, § <var>x</var> (<var>year</var>)",none,PLCSTR89,0,0,sec. 123,"Navajo Nation Code Ann. tit. 123, § 123 (2000)"
739,<var>tit. no.</var> N. Mar. I. Code § <var>x</var> (<var>year</var>),none,SWG9A5BW,0,0,sec. 123,50 N. Mar. I. Code § 123 (2000)
741,<var>tit. no.</var> N. Mar. I. Admin. Code § <var>x</var> (<var>year</var>),none,LTBW9ZLX,0,0,sec. 123,50 N. Mar. I. Admin. Code § 123 (2000)
742,"<var>vol. no.</var> N. Mar. I. Reg. <var>page no.</var> (<var>month day, year</var>)",none,7UQP2SNU,0,0,,"23 N. Mar. I. Reg. 45 (Apr. 1, 2000)"
744,"P.R. Laws Ann. tit. <var>x</var>, § <var>x</var> (<var>year</var>)",none,24X5WNSC,0,0,sec. 123,"P.R. Laws Ann. tit. 123, § 123 (2000)"
745,"P.R. Leyes An.tit. <var>x</var>, § <var>x</var> (<var>year</var>)",none,DDYJIQHP,0,0,sec. 123,"P.R. Leyes An.tit. 123, § 123 (2000)"
746,<var>year</var> P.R. Laws <var>page no.</var>,none,FFUSX2UU,0,0,,2000 P.R. Laws 45
747,<var>year</var> P.R. Leyes <var>page no.</var>,none,TPJSGT92,0,0,,2000 P.R. Leyes 45
748,<var>year</var> V.I. Sess. Laws <var>page no.</var>,none,AP8QGVDF,0,0,,2000 V.I. Sess. Laws 45
751,<var>tit. no.</var>-<var>ch. no.</var> V.I. Code R. § <var>x-x</var> (LexisNexis <var>year</var>),none,8VES2MQX,0,0,sec. 12-34,50-12 V.I. Code R. § 12-34 (LexisNexis 2000)
768,<var>volume</var> Consol. T.S. <var>xxx</var>,none,Y9F9UQBE,0,0,p. 123,12 Consol. T.S. 123
1,"<i>see also</i> Gerald Lebovits, <i>Write the Cites Right—Part II</i>, 76 N.Y. St. B.J. 64 (Dec. 2004)",seealso,CIL796UN,0,0,,"<i>see also</i> Gerald Lebovits, <i>Write the Cites Right—Part II</i>, 76 N.Y. St. B.J. 64 (Dec. 2004)"
2,"Mark P. Painter, <i>30 Tips to Improve Readability in Briefs and Legal Documents Or, How to Write for Judges, not Like Judges</i>, 31 Mont. Law 6 (Apr. 2006)",none,TUNHDEEG,0,0,,"Mark P. Painter, <i>30 Tips to Improve Readability in Briefs and Legal Documents Or, How to Write for Judges, not Like Judges</i>, 31 Mont. Law 6 (Apr. 2006)"
3,"<i>But cf.</i> <i>The Bluebook: A Uniform System of Citation</i> (Columbia Law Review Ass’n et al. eds., 20th ed. 2015)",butcf,2E8SDC4V,0,0,,"<i>But cf.</i> <i>The Bluebook: A Uniform System of Citation</i> (Columbia Law Review Ass’n et al. eds., 20th ed. 2015)"
4,"<i>See generally</i> Richard A. Posner, <i>Against Footnotes</i>, 38 Ct. Rev. 24 (2001)",seegenerally,DEN3RW5N,0,0,,"<i>See generally</i> Richard A. Posner, <i>Against Footnotes</i>, 38 Ct. Rev. 24 (2001)"
5,"<i>Arizona v. Hicks</i>, 480 U.S. 321, 329 (1987)",none,8NBU3BZ8,0,0,p. 329,"<i>Arizona v. Hicks</i>, 480 U.S. 321, 329 (1987)"
6,"<i>see also Maryland v. King</i>, 133 S. Ct. 1958, 1989 (2013)",seealso,HNMUUNCV,0,0,p. 1989,"<i>see also Maryland v. King</i>, 133 S. Ct. 1958, 1989 (2013)"
7,"<i>see Kyllo v. United States</i>, 389 U.S. 27 (2001)",see,5YT8SAC2,0,0,,"<i>see Kyllo v. United States</i>, 389 U.S. 27 (2001)"
8,"<i>cf. United States v. Jones</i>, 132 S. Ct. 945 (2012)",cf,3P7L5JXH,0,0,,"<i>cf. United States v. Jones</i>, 132 S. Ct. 945 (2012)"
9,"<i>See Nix v. Heden</i>, 149 U.S. 304 (1893)",see,8YZN4QSW,0,0,,"<i>See Nix v. Heden</i>, 149 U.S. 304 (1893)"
10,"<i>see</i>, <i>e.g.</i>, <i>Nix v. Heden</i>, 149 U.S. 304 (1893)",see,8YZN4QSW,0,0,,"<i>see</i>, <i>e.g.</i>, <i>Nix v. Heden</i>, 149 U.S. 304 (1893)"
11,"<i>Ford v. Wainwright</i>, 477 U.S. 399, 410 (1986)",none,PTUIS79D,0,0,p. 410,"<i>Ford v. Wainwright</i>, 477 U.S. 399, 410 (1986)"
12,"<i>Ford v. Wainwright</i>, 477 U.S. 399, 410 (1986)",none,PTUIS79D,0,0,p. 410,"<i>Ford v. Wainwright</i>, 477 U.S. 399, 410 (1986)"
13,"<i>Roper v. Simmons</i>, 543 U.S. 551, 575 (2005)",none,X6UNZGHF,0,0,p. 575,"<i>Roper v. Simmons</i>, 543 U.S. 551, 575 (2005)"
14,"<i>Atkins v. Virginia</i>, 536 U.S. 304, 321 (2002)",none,AX2GQ9D7,0,0,p. 321,"<i>Atkins v. Virginia</i>, 536 U.S. 304, 321 (2002)"
15,"<i>Ford v. Wainwright</i>, 477 U.S. 399, 410 (1986)",none,PTUIS79D,0,0,p. 410,"<i>Ford v. Wainwright</i>, 477 U.S. 399, 410 (1986)"
16,"<i>E.g.</i>, <i>State v. Purrier</i>, 336 P.3d 574, 576 (Or. Ct. App. 2014)",eg,BVTG23LX,0,0,p. 576,"<i>E.g.</i>, <i>State v. Purrier</i>, 336 P.3d 574, 576 (Or. Ct. App. 2014)"
17,"<i>Riley v. California</i>, 134 S. Ct. 2473 (2014)",none,PTUIS79D,0,0,,"<i>Riley v. California</i>, 134 S. Ct. 2473 (2014)"
18,"<i>E.g.</i>, <i>U.S. v. Murphy</i>, 552 F.3d 405, 411 (4th Cir. 2009)",eg,RH2QQQ3R,0,0,p. 411,"<i>E.g.</i>, <i>U.S. v. Murphy</i>, 552 F.3d 405, 411 (4th Cir. 2009)"
19,"<i>U.S. v. Finley</i>, 477 F.3d 250, 260 (5th Cir. 2007)",none,7S962J7U,0,0,p. 260,"<i>U.S. v. Finley</i>, 477 F.3d 250, 260 (5th Cir. 2007)"
20,"<i>See, e.g.</i>, Colo. Rev. Stat. Ann. § 18-8-115 (West 2014)",seeeg,PTUIS79D,0,0,sec. 18-8-115,"<i>See, e.g.</i>, Colo. Rev. Stat. Ann. § 18-8-115 (West 2014)"
21,"Mass. Gen. Laws Ann. ch. 268, § 40 (West 2014)",none,F378A56C,0,0,sec. 40,"Mass. Gen. Laws Ann. ch. 268, § 40 (West 2014)"
22,Ohio Rev. Code Ann. § 2921.22 (West 2014),none,XPUDTCRK,0,0,sec. 2921.22,Ohio Rev. Code Ann. § 2921.22 (West 2014)
23,"<i>But see, e.g.</i>, Colo. Rev. Stat. Ann. § 18-8-115 (West 2014)",butsee,3TWR83VG,0,0,sec. 18-8-115,"<i>But see, e.g.</i>, Colo. Rev. Stat. Ann. § 18-8-115 (West 2014)"
24,"Mass. Gen. Laws Ann. ch. 268, § 40 (West 2014)",none,F378A56C,0,0,sec. 40,"Mass. Gen. Laws Ann. ch. 268, § 40 (West 2014)"
25,Ohio Rev. Code Ann. § 2921.22 (West 2014),none,XPUDTCRK,0,0,sec. 2921.22,Ohio Rev. Code Ann. § 2921.22 (West 2014)
26,"Keith Girard, <i>Justin Bieber Seeks to Make Amends, Jump-Start Career on Ellen</i>, TheImproper Magazine (Jan. 25, 2015), <a class=""no"" href=""http://www.theimproper.com/118310/justin-bieber-seeks-amends-jumpstart-career-ellen-watch/"">http://www.theimproper.com/118310/justin-bieber-seeks-amends-jumpstart-career-ellen-watch/</a>",none,4FUFWCIB,0,0,,"Keith Girard, <i>Justin Bieber Seeks to Make Amends, Jump-Start Career on Ellen</i>, TheImproper Magazine (Jan. 25, 2015), http://www.theimproper.com/118310/justin-bieber-seeks-amends-jumpstart-career-ellen-watch/"
27,"<i>accord</i> Chrissy Makkas, <i>Justin Bieber Fronts V Magazine’s Music Issue (Forum Buzz)</i>, The Fashion Spot (Jan. 11, 2012), <a class=""no"" href=""http://www.thefashionspot.com/buzz-news/forum-buzz/171203-justin-bieber-fronts-v-magazines-music-issue-forum-buzz/"">http://www.thefashionspot.com/buzz-news/forum-buzz/171203-justin-bieber-fronts-v-magazines-music-issue-forum-buzz/</a>",accord,J89GSMW9,0,0,,"<i>accord</i> Chrissy Makkas, <i>Justin Bieber Fronts V Magazine’s Music Issue (Forum Buzz)</i>, The Fashion Spot (Jan. 11, 2012), http://www.thefashionspot.com/buzz-news/forum-buzz/171203-justin-bieber-fronts-v-magazines-music-issue-forum-buzz/"
28,"<i>See</i> Don Daily, <i>The Classic Treasury of Aesop’s Fables</i> 43-46 (1999)",see,FGNEWCK9,0,0,,"<i>See</i> Don Daily, <i>The Classic Treasury of Aesop’s Fables</i> 43-46 (1999)"
29,<i>see also</i> <i>The Shawshank Redemption</i> (Castle Rock Entertainment 1994),seealso,XF29FUWH,0,0,,<i>see also</i> <i>The Shawshank Redemption</i> (Castle Rock Entertainment 1994)
30,"<i>Cf.</i> <i>The Bluebook: A Uniform System of Citation</i> (Columbia Law Review Ass’n et al. eds., 20th ed. 2015)",cf,2E8SDC4V,0,0,,"<i>Cf.</i> <i>The Bluebook: A Uniform System of Citation</i> (Columbia Law Review Ass’n et al. eds., 20th ed. 2015)"
31,"<i>Compare</i> <i>Lochner v. New York</i>, 198 U.S. 45 (1905)",compare,SK74W36C,0,0,,"<i>Compare</i> <i>Lochner v. New York</i>, 198 U.S. 45 (1905)"
32,"<i>with</i> <i>McDonald v. Chicago</i>, 561 U.S. 742 (2010)",with,CAL5S9VP,0,0,,"<i>with</i> <i>McDonald v. Chicago</i>, 561 U.S. 742 (2010)"
33,"<i>BMW of North America, Inc. v. Gore</i>, 517 U.S. 559 (1996)",none,7NEUAU3N,0,0,,"<i>BMW of North America, Inc. v. Gore</i>, 517 U.S. 559 (1996)"
34,"<i>and</i> <i>Dolan v. City of Tigard</i>, 512 U.S. 374 (1994)",and,QE9GGS47,0,0,,"<i>and</i> <i>Dolan v. City of Tigard</i>, 512 U.S. 374 (1994)"
35,"<i>Contra</i> Richard A. Posner, <i>The Bluebook Blues</i>, 120 Yale L.J. 950 (2011)",contra,PPEBP2PT,0,0,,"<i>Contra</i> Richard A. Posner, <i>The Bluebook Blues</i>, 120 Yale L.J. 950 (2011)"
36,"<i>But see</i> <i>Schenck v. United States</i>, 249 U.S. 47 (1919)",butsee,68WZTDW7,0,0,,"<i>But see</i> <i>Schenck v. United States</i>, 249 U.S. 47 (1919)"
37,"<i>But cf</i>. <i>5 Things to Know About McDonalds All Day Breakfast</i>, TIME, (Oct. 6, 2015), <a class=""no"" href=""http://time.com/money/4062667/mcdonalds-all-day-breakfast/"">http://time.com/money/4062667/mcdonalds-all-day-breakfast/</a>",butcf,C4SUH9AC,0,0,,"<i>But cf</i>. <i>5 Things to Know About McDonalds All Day Breakfast</i>, TIME, (Oct. 6, 2015), http://time.com/money/4062667/mcdonalds-all-day-breakfast/"
38,"<i>See generally</i> Jeffrey Toobin, <i>The Nine: Inside the Secret World of the Supreme Court</i> (2007)",seegenerally,AXW2RMEX,0,0,,"<i>See generally</i> Jeffrey Toobin, <i>The Nine: Inside the Secret World of the Supreme Court</i> (2007)"
39,"<i>Leonard v. Pepsico, Inc.</i>, 88 F. Supp. 2d 116, 127 (S.D.N.Y. 1999)",none,MN2WZJGK,0,0,p. 127,"<i>Leonard v. Pepsico, Inc.</i>, 88 F. Supp. 2d 116, 127 (S.D.N.Y. 1999)"
40,"<i>aff’d</i>, 210 F.3d 88 (2d Cir. 2000)",affirmed,DVN45V8R,0,1,,"<i>aff’d</i>, 210 F.3d 88 (2d Cir. 2000)"
41,"<i>Toolson v. N.Y. Yankees, Inc.</i>, 346 U.S. 356 (1953)",none,MVE9LBMW,0,0,,"<i>Toolson v. N.Y. Yankees, Inc.</i>, 346 U.S. 356 (1953)"
42,"<i>Lessig v. Colorado</i>, 17 U.S. 107 (1998)",none,FF5M7VQU,0,0,,"<i>Lessig v. Colorado</i>, 17 U.S. 107 (1998)"
43,"<i>Lessig v. State</i>, 109 P.3d 224 (Colo. 1997)",none,ALKCGSAK,0,0,,"<i>Lessig v. State</i>, 109 P.3d 224 (Colo. 1997)"
44,"<i>Liriano v. Hobart Corp. </i>(<i>Liriano II</i>), 92 N.Y.2d 232 (1998)",none,P8EB7QDF,0,0,,"<i>Liriano v. Hobart Corp. </i>(<i>Liriano II</i>), 92 N.Y.2d 232 (1998)"
45,"<i>Liriano v. Hobart Corp. </i>(<i>Liraino III</i>), 170 F.3d 264, 266 (2d Cir. 1999)",none,FVJ9R45U,0,0,p. 266,"<i>Liriano v. Hobart Corp. </i>(<i>Liraino III</i>), 170 F.3d 264, 266 (2d Cir. 1999)"
46,"<i>Liriano II</i>, 92 N.Y.2d at 236–37",none,P8EB7QDF,0,0,p. 236–37,"<i>Liriano II</i>, 92 N.Y.2d at 236–37"
47,"<i>Jones v. United States District Court (Smith)</i>, 89 U.S. 233 (2011)",none,K727FMFM,0,0,,"<i>Jones v. United States District Court (Smith)</i>, 89 U.S. 233 (2011)"
48,"<i>Indus. Union Dep’t, AFL-CIO v. Am. Petroleum Inst. (The Benzene Case)</i>, 448 U.S. 607, 645 (1980)",none,SW46TSN4,0,0,p. 645,"<i>Indus. Union Dep’t, AFL-CIO v. Am. Petroleum Inst. (The Benzene Case)</i>, 448 U.S. 607, 645 (1980)"
49,"<i>Red Lion Broad. Co. v. FCC</i>, 395 U.S. 367 (1969)",none,23Y32BRQ,0,0,,"<i>Red Lion Broad. Co. v. FCC</i>, 395 U.S. 367 (1969)"
50,"450 U.S. 248, 254 (1981)",none,EMQD4TW4,1,1,p. 254,"450 U.S. 248, 254 (1981)"
51,411 U.S. 792 (1973),none,UGX6238P,1,1,,411 U.S. 792 (1973)
52,411 U.S. 792 (1973),none,UGX6238P,1,1,,411 U.S. 792 (1973)
53,"<i>McDonnell Douglas Corp. v. Green</i>, <cite>411 U.S. 792 (1973)</cite>",none,Z6Z6UPC5,0,0,,"<i>McDonnell Douglas Corp. v. Green</i>, 411 U.S. 792 (1973)"
54,"<i>Terrible v. Terrible</i>, 534 P.2d 919 (Nev. 1975)",none,N6LII52E,0,0,,"<i>Terrible v. Terrible</i>, 534 P.2d 919 (Nev. 1975)"
55,"<i>Demosthenes v. Baal</i>, 495 U.S. 731 (1990)",none,PI5DBFJ9,0,0,,"<i>Demosthenes v. Baal</i>, 495 U.S. 731 (1990)"
56,"<i>United States v. $124,570 U.S. Currency</i>, 873 F.2d 1240 (9th Cir. 1989)",none,VMBALUEX,0,0,,"<i>United States v. $124,570 U.S. Currency</i>, 873 F.2d 1240 (9th Cir. 1989)"
57,"<i>Gucci America, Inc. v. Guess?, Inc.</i>, 831 F. Supp. 2d 723 (S.D.N.Y. 2011)",none,63CW7NBQ,0,0,,"<i>Gucci America, Inc. v. Guess?, Inc.</i>, 831 F. Supp. 2d 723 (S.D.N.Y. 2011)"
58,"<i>Hamburger v. Fry</i>, 338 P.2d 1088 (Okla. 1958)",none,L5FCCIKF,0,0,,"<i>Hamburger v. Fry</i>, 338 P.2d 1088 (Okla. 1958)"
59,"<i>Camp v. Superman</i>, 119 Vt. 62 (1955)",none,ZLG9HYN9,0,0,,"<i>Camp v. Superman</i>, 119 Vt. 62 (1955)"
60,"<i>Mattel, Inc. v. MCA Records, Inc.</i>, 296 F.3d 894, 908 (9th Cir. 2002)",none,JMIKXMXE,0,0,p. 908,"<i>Mattel, Inc. v. MCA Records, Inc.</i>, 296 F.3d 894, 908 (9th Cir. 2002)"
61,"<i>Brown v. State</i>, 216 S.E.2d 356, 356 (Ga. Ct. App. 1975)",none,AJ88YZKY,0,0,p. 356,"<i>Brown v. State</i>, 216 S.E.2d 356, 356 (Ga. Ct. App. 1975)"
62,"<i>Gordon v. Secretary of State of New Jersey</i>, 460 F. Supp. 1026, 1026, 1028 (D.N.J. 1978)",none,RW82IVPA,0,0,p. 1028,"<i>Gordon v. Secretary of State of New Jersey</i>, 460 F. Supp. 1026, 1026, 1028 (D.N.J. 1978)"
63,"<i>Helton v. State</i>, 311 So. 2d 381, 382–84 (Fla. Dist. Ct. App. 1975)",none,2QRXU89U,0,0,,"<i>Helton v. State</i>, 311 So. 2d 381, 382–84 (Fla. Dist. Ct. App. 1975)"
64,"Dava Sobel, <i>Longitude: The True Story of a Lone Genius Who Solved the Greatest Scientific Problem of His Time passim</i> (1995)",none,I6V75JQ7,0,0,,"Dava Sobel, <i>Longitude: The True Story of a Lone Genius Who Solved the Greatest Scientific Problem of His Time passim</i> (1995)"
65,"<i>Selmon v. Hasbro Bradley, Inc.</i>, 669 F. Supp. 1267, 1272-73 (S.D.N.Y. 1987)",none,E4KPW732,0,0,p. 1272-73,"<i>Selmon v. Hasbro Bradley, Inc.</i>, 669 F. Supp. 1267, 1272-73 (S.D.N.Y. 1987)"
66,"<i>Davis v. City of New York</i>, 902 F. Supp. 2d 405, 412 n.22 (S.D.N.Y. 2012)",none,9J37FMFM,0,0,,"<i>Davis v. City of New York</i>, 902 F. Supp. 2d 405, 412 n.22 (S.D.N.Y. 2012)"
67,"<i>Two Pesos, Inc. v. Taco Cabana, Inc.</i>, 505 U.S. 763 (1992)",none,69NIJF8U,0,0,,"<i>Two Pesos, Inc. v. Taco Cabana, Inc.</i>, 505 U.S. 763 (1992)"
68,"<i>Brown v. Entm’t Merchs. Ass’n</i>, 131 S. Ct. 2729, 2738 (2011)",none,XHQ35JGU,0,0,p. 2738,"<i>Brown v. Entm’t Merchs. Ass’n</i>, 131 S. Ct. 2729, 2738 (2011)"
69,"<i>Batman v. Commissioner</i>, 189 F.2d 107 (5th Cir. 1951)",none,TT6MQQXV,0,0,,"<i>Batman v. Commissioner</i>, 189 F.2d 107 (5th Cir. 1951)"
70,"<i>Nance v. United States</i>, 299 F.2d 122, 124 (D.C. Cir. 1962)",none,6PC39WP5,0,0,p. 124,"<i>Nance v. United States</i>, 299 F.2d 122, 124 (D.C. Cir. 1962)"
71,"<i>Frigaliment Importing Co. v. B.N.S. International Sales Corp.</i>, 190 F. Supp. 116, 117 (S.D.N.Y. 1960)",none,FPDZ9DHG,0,0,p. 117,"<i>Frigaliment Importing Co. v. B.N.S. International Sales Corp.</i>, 190 F. Supp. 116, 117 (S.D.N.Y. 1960)"
72,"<i>Cartier v. Aaron Faber Inc.</i>, 512 F. Supp. 2d 165 (S.D.N.Y. 2007)",none,KBHCAEIH,0,0,,"<i>Cartier v. Aaron Faber Inc.</i>, 512 F. Supp. 2d 165 (S.D.N.Y. 2007)"
73,"<i>Terrible v. Terrible</i>, 534 P.2d 919 (Nev. 1975)",none,N6LII52E,0,0,,"<i>Terrible v. Terrible</i>, 534 P.2d 919 (Nev. 1975)"
74,"<i>State v. One 1970 2-Door Sedan Rambler</i>, 136 N.W. 59 (Neb. 1974)",none,72SQV8A2,0,0,,"<i>State v. One 1970 2-Door Sedan Rambler</i>, 136 N.W. 59 (Neb. 1974)"
75,"<i>Brown v. Swindell</i>, 198 So. 2d 432, 434 (La. Ct. App. 1967)",none,ZBSBX9TV,0,0,p. 434,"<i>Brown v. Swindell</i>, 198 So. 2d 432, 434 (La. Ct. App. 1967)"
76,"<i>State v. Stroud</i>, 30 Wash. App. 392 (1981)",none,HX2GDLD5,0,0,,"<i>State v. Stroud</i>, 30 Wash. App. 392 (1981)"
77,"<i>Harden v. Playboy Enterprises, Inc.</i>, 261 Ill. App. 3d 443, 633 N.E.2d 764 (1993)",none,HDJCUX74-L73TUTDN,0,0,,"<i>Harden v. Playboy Enterprises, Inc.</i>, 261 Ill. App. 3d 443, 633 N.E.2d 764 (1993)"
78,"<i>Yates v. United States</i>, No. 13–7451, 2015 U.S. LEXIS 1503, at *40 (Feb. 25, 2015)",none,2VGXTPM5,0,0,"p. *40 (Feb. 25, 2015)","<i>Yates v. United States</i>, No. 13–7451, 2015 U.S. LEXIS 1503, at *40 (Feb. 25, 2015)"
79,"<i>State v. Green</i>, No. 2012AP1475–CR, 2013 WL 5811261, at *7 (Wis. Ct. App. Oct. 30, 2013)",none,D2YZ35EA,0,0,"p. *7 (Wis. Ct. App. Oct. 30, 2013)","<i>State v. Green</i>, No. 2012AP1475–CR, 2013 WL 5811261, at *7 (Wis. Ct. App. Oct. 30, 2013)"
80,"<i>Beastie Boys v. Monster Energy Co.</i>, No. 12 Civ. 6065 (S.D.N.Y. Dec. 4, 2014)",none,Z5SH8JCU,0,0,,"<i>Beastie Boys v. Monster Energy Co.</i>, No. 12 Civ. 6065 (S.D.N.Y. Dec. 4, 2014)"
81,"<i>Macy’s Inc. v. Martha Stewart Living Omnimedia, Inc.</i>, No. 1728, slip op. at 1 (N.Y. App. Div. Feb. 26, 2015), <a class=""no"" href=""http://www.nycourts.gov/reporter/3dseries/2015/2015_01728.htm"">http://www.nycourts.gov/reporter/3dseries/2015/2015_01728.htm</a>",none,X8XJ7I2C,0,0,"p. 1 (N.Y. App. Div. Feb. 26, 2015), http://www.nycourts.gov/reporter/3dseries/2015/2015_01728.htm","<i>Macy’s Inc. v. Martha Stewart Living Omnimedia, Inc.</i>, No. 1728, slip op. at 1 (N.Y. App. Div. Feb. 26, 2015), http://www.nycourts.gov/reporter/3dseries/2015/2015_01728.htm"
82,"<i>In re Salomon Inc. Sec. Litig.</i>, Nos. 91 Civ. 5442 (RPP), 91 Civ. 5471, 1992 WL 150762 (S.D.N.Y. Nov. 13, 1992)",none,3TP29JWT,0,0,,"<i>In re Salomon Inc. Sec. Litig.</i>, Nos. 91 Civ. 5442 (RPP), 91 Civ. 5471, 1992 WL 150762 (S.D.N.Y. Nov. 13, 1992)"
83,"<i>United States v. Leggett</i>, 23 F.3d 409 (6th Cir. 1994)",none,QMAB69IG,0,0,,"<i>United States v. Leggett</i>, 23 F.3d 409 (6th Cir. 1994)"
84,"<i>Ward v. Rock Against Racism</i>, 491 U.S. 781 (1989)",none,UKDX8MYX,0,0,,"<i>Ward v. Rock Against Racism</i>, 491 U.S. 781 (1989)"
85,"<i>Harris v. State</i>, 887 S.W.2d 514 (Ark. 1994)",none,DR53UNGZ,0,0,,"<i>Harris v. State</i>, 887 S.W.2d 514 (Ark. 1994)"
86,"<i>Dep’t of Revenue v. James B. Beam Distilling Co.</i>, 377 U.S. 341, 349 (1964)",none,F3YXTMUI,0,0,p. 349,"<i>Dep’t of Revenue v. James B. Beam Distilling Co.</i>, 377 U.S. 341, 349 (1964)"
87,"<i>Stambovsky v. Ackley</i>, 572 N.Y.S.2d 672, 674 (App. Div. 1991)",none,CRS9ZBWZ,0,0,p. 674,"<i>Stambovsky v. Ackley</i>, 572 N.Y.S.2d 672, 674 (App. Div. 1991)"
88,"<i>People v. Foranyic</i>, 74 Cal. Rptr. 2d 804, 807 (Ct. App. 1998)",none,74LVHXNW,0,0,p. 807,"<i>People v. Foranyic</i>, 74 Cal. Rptr. 2d 804, 807 (Ct. App. 1998)"
89,"<i>Energy &amp; Env't Legal Inst. v. Epel</i>, 43 F. Supp. 3d 1171 (D. Colo. 2014)",none,YJBRJFFG,0,0,,"<i>Energy & Env't Legal Inst. v. Epel</i>, 43 F. Supp. 3d 1171 (D. Colo. 2014)"
90,"<i>aff’d</i>, 793 F.3d 1169 (10th Cir.)",affirmed,F4ELVVNR,1,0,,"<i>aff’d</i>, 793 F.3d 1169 (10th Cir.)"
91,"<i>cert. denied</i>, 136 S. Ct. 595 (2015)",certdenied,LU6YGQ5Y,1,0,,"<i>cert. denied</i>, 136 S. Ct. 595 (2015)"
92,"<i>In re Verizon Internet Servs., Inc.</i>, 257 F. Supp. 2d 244 (D.D.C. 2003)",none,JL6ZIBRA,0,0,,"<i>In re Verizon Internet Servs., Inc.</i>, 257 F. Supp. 2d 244 (D.D.C. 2003)"
93,"<i>rev’d on other grounds</i>, <i>Recording Indus. Ass’n of Am., Inc. v. Verizon Internet Servs., Inc.</i>, 351 F.3d 1229 (D.C. Cir. 2003)",revother,WGTJ8HS7,0,0,,"<i>rev’d on other grounds</i>, <i>Recording Indus. Ass’n of Am., Inc. v. Verizon Internet Servs., Inc.</i>, 351 F.3d 1229 (D.C. Cir. 2003)"
94,"<i>Lerman v. Comm’r</i>, 939 F.2d 44 (3d Cir. 1991)",none,X2SKRNAQ,0,0,,"<i>Lerman v. Comm’r</i>, 939 F.2d 44 (3d Cir. 1991)"
95,"<i>rev’d sub nom. Horn v. Comm’r</i>, 968 F.2d 1229 (D.C. Cir. 1992)",revsub,X9CYCLZG,0,0,,"<i>rev’d sub nom. Horn v. Comm’r</i>, 968 F.2d 1229 (D.C. Cir. 1992)"
96,"<i>United States v. Schmuck</i>, 840 F.2d 384 (7th Cir. 1988)",none,9PD3RYWD,0,0,,"<i>United States v. Schmuck</i>, 840 F.2d 384 (7th Cir. 1988)"
97,"<i>aff’d,</i> 489 U.S. 705 (1989)",affirmed,W54X5QKM,1,0,,"<i>aff’d,</i> 489 U.S. 705 (1989)"
98,"<i>United States v. Schmuck</i>, 840 F.2d 384 (7th Cir. 1988)",none,9PD3RYWD,0,0,,"<i>United States v. Schmuck</i>, 840 F.2d 384 (7th Cir. 1988)"
99,"<i>aff’d,</i> <i>Schmuck v. United States</i>, 489 U.S. 705 (1989)",affirmed,W54X5QKM,0,0,,"<i>aff’d,</i> <i>Schmuck v. United States</i>, 489 U.S. 705 (1989)"
